<metadata xml:lang="en"><Esri><CreaDate>20220210</CreaDate><CreaTime>11584500</CreaTime><ArcGISFormat>1.0</ArcGISFormat><SyncOnce>FALSE</SyncOnce><DataProperties><lineage><Process ToolSource="c:\program files\arcgis\pro\Resources\ArcToolbox\toolboxes\Data Management Tools.tbx\FeatureToPoint" Date="20220210" Time="115845">FeatureToPoint Inclusive_SummarizeWithin8_SummarizeWithin3_SummarizeWithin3_SummarizeWithin2 C:\Users\Maryam\Documents\ArcGIS\Projects\MyProject7\MyProject7.gdb\Inclusive_SummarizeWithin8_S2point CENTROID</Process><Process ToolSource="c:\program files\arcgis\pro\Resources\ArcToolbox\toolboxes\Analysis Tools.tbx\Buffer" Date="20220210" Time="120056">Buffer Inclusive_SummarizeWithin8_S2point C:\Users\Maryam\Documents\ArcGIS\Projects\MyProject7\MyProject7.gdb\Inclusive_SummarizeWithin8_S4 "100 Meters" Full Round "No Dissolve" # Planar</Process><Process ToolSource="c:\program files\arcgis\pro\Resources\ArcToolbox\toolboxes\Data Management Tools.tbx\MatchLayerSymbologyToAStyle" Date="20220210" Time="120432">MatchLayerSymbologyToAStyle Inclusive_SummarizeWithin8_S4 $feature.NEWfromspss_csv_QCL_1 "ColorBrewer Schemes (RGB)"</Process><Process ToolSource="c:\program files\arcgis\pro\Resources\ArcToolbox\toolboxes\Data Management Tools.tbx\DeleteField" Date="20220331" Time="125137">DeleteField Inclusive_SummarizeWithin8_S4 Inclusive_SummarizeWithin8_SummarizeWithin3_SummarizeWithin3_Sum;NEWfromspss_csv_ORIG_FID</Process><Process ToolSource="c:\program files\arcgis\pro\Resources\ArcToolbox\toolboxes\Data Management Tools.tbx\UpdateSchema" Date="20220331" Time="125423">UpdateSchema "CIMDATA=&lt;CIMStandardDataConnection xsi:type='typens:CIMStandardDataConnection' xmlns:xsi='http://www.w3.org/2001/XMLSchema-instance' xmlns:xs='http://www.w3.org/2001/XMLSchema' xmlns:typens='http://www.esri.com/schemas/ArcGIS/2.8.0'&gt;&lt;WorkspaceConnectionString&gt;DATABASE=C:\Users\Maryam\Documents\ArcGIS\Projects\MyProject7\MyProject7.gdb&lt;/WorkspaceConnectionString&gt;&lt;WorkspaceFactory&gt;FileGDB&lt;/WorkspaceFactory&gt;&lt;Dataset&gt;Inclusive_SummarizeWithin8_S4&lt;/Dataset&gt;&lt;DatasetType&gt;esriDTFeatureClass&lt;/DatasetType&gt;&lt;/CIMStandardDataConnection&gt;" &lt;operationSequence&gt;&lt;workflow&gt;&lt;AddField&gt;&lt;field_name&gt;lat&lt;/field_name&gt;&lt;field_type&gt;LONG&lt;/field_type&gt;&lt;field_alias&gt;lat&lt;/field_alias&gt;&lt;field_is_nullable&gt;True&lt;/field_is_nullable&gt;&lt;field_is_required&gt;False&lt;/field_is_required&gt;&lt;/AddField&gt;&lt;/workflow&gt;&lt;workflow&gt;&lt;AddField&gt;&lt;field_name&gt;long&lt;/field_name&gt;&lt;field_type&gt;LONG&lt;/field_type&gt;&lt;field_alias&gt;long&lt;/field_alias&gt;&lt;field_is_nullable&gt;True&lt;/field_is_nullable&gt;&lt;field_is_required&gt;False&lt;/field_is_required&gt;&lt;/AddField&gt;&lt;/workflow&gt;&lt;workflow&gt;&lt;AddField&gt;&lt;field_name&gt;Field&lt;/field_name&gt;&lt;field_type&gt;LONG&lt;/field_type&gt;&lt;field_alias&gt;Field&lt;/field_alias&gt;&lt;field_is_nullable&gt;True&lt;/field_is_nullable&gt;&lt;field_is_required&gt;False&lt;/field_is_required&gt;&lt;/AddField&gt;&lt;/workflow&gt;&lt;/operationSequence&gt;</Process><Process ToolSource="c:\program files\arcgis\pro\Resources\ArcToolbox\toolboxes\Data Management Tools.tbx\CalculateGeometryAttributes" Date="20220331" Time="131715">CalculateGeometryAttributes Inclusive_SummarizeWithin8_S4 "lat CENTROID_X" # # # "Same as input"</Process><Process ToolSource="c:\program files\arcgis\pro\Resources\ArcToolbox\toolboxes\Data Management Tools.tbx\CalculateGeometryAttributes" Date="20220331" Time="131805">CalculateGeometryAttributes Inclusive_SummarizeWithin8_S4 "lat INSIDE_X" # # # "Same as input"</Process><Process ToolSource="c:\program files\arcgis\pro\Resources\ArcToolbox\toolboxes\Data Management Tools.tbx\CalculateGeometryAttributes" Date="20220331" Time="131952">CalculateGeometryAttributes Inclusive_SummarizeWithin8_S4 "lat INSIDE_X" # # GEOGCS["GCS_WGS_1984",DATUM["D_WGS_1984",SPHEROID["WGS_1984",6378137.0,298.257223563]],PRIMEM["Greenwich",0.0],UNIT["Degree",0.0174532925199433]] "Same as input"</Process><Process ToolSource="c:\program files\arcgis\pro\Resources\ArcToolbox\toolboxes\Data Management Tools.tbx\DeleteField" Date="20220331" Time="132608">DeleteField Inclusive_SummarizeWithin8_S4 lat;long;Field</Process><Process ToolSource="c:\program files\arcgis\pro\Resources\ArcToolbox\toolboxes\Conversion Tools.tbx\FeatureClassToFeatureClass" Date="20220331" Time="132701">FeatureClassToFeatureClass Inclusive_SummarizeWithin8_S4 "C:\ISU_Fall 2021\LA558-2022-MARYAM\Proposal" buffers.shp # "NEWfromspss_csv_CRIMESINCE2001 "CRIMESINCE2001" true true false 4 Long 0 0,First,#,Inclusive_SummarizeWithin8_S4,NEWfromspss_csv_CRIMESINCE2001,-1,-1;NEWfromspss_csv_PARCELSIZEP "PARCELSIZEP" true true false 8 Double 0 0,First,#,Inclusive_SummarizeWithin8_S4,NEWfromspss_csv_PARCELSIZEP,-1,-1;NEWfromspss_csv_PARCELSIZEA "PARCELSIZEA" true true false 8 Double 0 0,First,#,Inclusive_SummarizeWithin8_S4,NEWfromspss_csv_PARCELSIZEA,-1,-1;NEWfromspss_csv_PARCELNUMBER "PARCELNUMBER" true true false 4 Long 0 0,First,#,Inclusive_SummarizeWithin8_S4,NEWfromspss_csv_PARCELNUMBER,-1,-1;NEWfromspss_csv_BUILDINGSIZEP "BUILDINGSIZEP" true true false 8 Double 0 0,First,#,Inclusive_SummarizeWithin8_S4,NEWfromspss_csv_BUILDINGSIZEP,-1,-1;NEWfromspss_csv_BUILDINGSIZEA "BUILDINGSIZEA" true true false 8 Double 0 0,First,#,Inclusive_SummarizeWithin8_S4,NEWfromspss_csv_BUILDINGSIZEA,-1,-1;NEWfromspss_csv_BUILDINGNUMBER "BUILDINGNUMBER" true true false 4 Long 0 0,First,#,Inclusive_SummarizeWithin8_S4,NEWfromspss_csv_BUILDINGNUMBER,-1,-1;NEWfromspss_csv_SIDELAKLENGTH "SIDELAKLENGTH" true true false 8 Double 0 0,First,#,Inclusive_SummarizeWithin8_S4,NEWfromspss_csv_SIDELAKLENGTH,-1,-1;NEWfromspss_csv_BUILDINGSETBACK "BUILDINGSETBACK" true true false 8 Double 0 0,First,#,Inclusive_SummarizeWithin8_S4,NEWfromspss_csv_BUILDINGSETBACK,-1,-1;NEWfromspss_csv_TREECANOPY "TREECANOPY" true true false 4 Long 0 0,First,#,Inclusive_SummarizeWithin8_S4,NEWfromspss_csv_TREECANOPY,-1,-1;NEWfromspss_csv_BUSSTOP "BUSSTOP" true true false 4 Long 0 0,First,#,Inclusive_SummarizeWithin8_S4,NEWfromspss_csv_BUSSTOP,-1,-1;NEWfromspss_csv_RESIDENTIAL "RESIDENTIAL" true true false 4 Long 0 0,First,#,Inclusive_SummarizeWithin8_S4,NEWfromspss_csv_RESIDENTIAL,-1,-1;NEWfromspss_csv_MIXEDUSE "MIXEDUSE" true true false 4 Long 0 0,First,#,Inclusive_SummarizeWithin8_S4,NEWfromspss_csv_MIXEDUSE,-1,-1;NEWfromspss_csv_COMMERCIAL "COMMERCIAL" true true false 4 Long 0 0,First,#,Inclusive_SummarizeWithin8_S4,NEWfromspss_csv_COMMERCIAL,-1,-1;NEWfromspss_csv_VACANT "VACANT" true true false 4 Long 0 0,First,#,Inclusive_SummarizeWithin8_S4,NEWfromspss_csv_VACANT,-1,-1;NEWfromspss_csv_SINGLEFAMILY "SINGLEFAMILY" true true false 4 Long 0 0,First,#,Inclusive_SummarizeWithin8_S4,NEWfromspss_csv_SINGLEFAMILY,-1,-1;NEWfromspss_csv_MULTIFAMILY "MULTIFAMILY" true true false 4 Long 0 0,First,#,Inclusive_SummarizeWithin8_S4,NEWfromspss_csv_MULTIFAMILY,-1,-1;NEWfromspss_csv_BIKEROUTE "BIKEROUTE" true true false 4 Long 0 0,First,#,Inclusive_SummarizeWithin8_S4,NEWfromspss_csv_BIKEROUTE,-1,-1;NEWfromspss_csv_WALKING_INDEX "WALKING_INDEX" true true false 8 Double 0 0,First,#,Inclusive_SummarizeWithin8_S4,NEWfromspss_csv_WALKING_INDEX,-1,-1;NEWfromspss_csv_HEIGHTm "HEIGHTm" true true false 8 Double 0 0,First,#,Inclusive_SummarizeWithin8_S4,NEWfromspss_csv_HEIGHTm,-1,-1;NEWfromspss_csv_WIDTH "WIDTH" true true false 8 Double 0 0,First,#,Inclusive_SummarizeWithin8_S4,NEWfromspss_csv_WIDTH,-1,-1;NEWfromspss_csv_CROSSSECTIONALPROPORTION "CROSSSECTIONALPROPORTION" true true false 8 Double 0 0,First,#,Inclusive_SummarizeWithin8_S4,NEWfromspss_csv_CROSSSECTIONALPROPORTION,-1,-1;NEWfromspss_csv_PRIMARYCRIMETYPEVIOLENT "PRIMARYCRIMETYPEVIOLENT" true true false 8000 Text 0 0,First,#,Inclusive_SummarizeWithin8_S4,NEWfromspss_csv_PRIMARYCRIMETYPEVIOLENT,0,8000;NEWfromspss_csv_FAC1_1 "FAC1_1" true true false 8 Double 0 0,First,#,Inclusive_SummarizeWithin8_S4,NEWfromspss_csv_FAC1_1,-1,-1;NEWfromspss_csv_FAC2_1 "FAC2_1" true true false 8 Double 0 0,First,#,Inclusive_SummarizeWithin8_S4,NEWfromspss_csv_FAC2_1,-1,-1;NEWfromspss_csv_FAC3_1 "FAC3_1" true true false 8 Double 0 0,First,#,Inclusive_SummarizeWithin8_S4,NEWfromspss_csv_FAC3_1,-1,-1;NEWfromspss_csv_FAC4_1 "FAC4_1" true true false 8 Double 0 0,First,#,Inclusive_SummarizeWithin8_S4,NEWfromspss_csv_FAC4_1,-1,-1;NEWfromspss_csv_FAC5_1 "FAC5_1" true true false 8 Double 0 0,First,#,Inclusive_SummarizeWithin8_S4,NEWfromspss_csv_FAC5_1,-1,-1;NEWfromspss_csv_FAC6_1 "FAC6_1" true true false 8 Double 0 0,First,#,Inclusive_SummarizeWithin8_S4,NEWfromspss_csv_FAC6_1,-1,-1;NEWfromspss_csv_QCL_1 "QCL_1" true true false 4 Long 0 0,First,#,Inclusive_SummarizeWithin8_S4,NEWfromspss_csv_QCL_1,-1,-1;NEWfromspss_csv_ZCRIMESINCE2001 "ZCRIMESINCE2001" true true false 8 Double 0 0,First,#,Inclusive_SummarizeWithin8_S4,NEWfromspss_csv_ZCRIMESINCE2001,-1,-1;NEWfromspss_csv_ZPARCELSIZEP "ZPARCELSIZEP" true true false 8 Double 0 0,First,#,Inclusive_SummarizeWithin8_S4,NEWfromspss_csv_ZPARCELSIZEP,-1,-1;NEWfromspss_csv_ZPARCELSIZEA "ZPARCELSIZEA" true true false 8 Double 0 0,First,#,Inclusive_SummarizeWithin8_S4,NEWfromspss_csv_ZPARCELSIZEA,-1,-1;NEWfromspss_csv_ZPARCELNUMBER "ZPARCELNUMBER" true true false 8 Double 0 0,First,#,Inclusive_SummarizeWithin8_S4,NEWfromspss_csv_ZPARCELNUMBER,-1,-1;NEWfromspss_csv_ZBUILDINGSIZEP "ZBUILDINGSIZEP" true true false 8 Double 0 0,First,#,Inclusive_SummarizeWithin8_S4,NEWfromspss_csv_ZBUILDINGSIZEP,-1,-1;NEWfromspss_csv_ZBUILDINGSIZEA "ZBUILDINGSIZEA" true true false 8 Double 0 0,First,#,Inclusive_SummarizeWithin8_S4,NEWfromspss_csv_ZBUILDINGSIZEA,-1,-1;NEWfromspss_csv_ZBUILDINGNUMBER "ZBUILDINGNUMBER" true true false 8 Double 0 0,First,#,Inclusive_SummarizeWithin8_S4,NEWfromspss_csv_ZBUILDINGNUMBER,-1,-1;NEWfromspss_csv_ZSIDELAKLENGTH "ZSIDELAKLENGTH" true true false 8 Double 0 0,First,#,Inclusive_SummarizeWithin8_S4,NEWfromspss_csv_ZSIDELAKLENGTH,-1,-1;NEWfromspss_csv_ZBUILDINGSETBACK "ZBUILDINGSETBACK" true true false 8 Double 0 0,First,#,Inclusive_SummarizeWithin8_S4,NEWfromspss_csv_ZBUILDINGSETBACK,-1,-1;NEWfromspss_csv_ZTREECANOPY "ZTREECANOPY" true true false 8 Double 0 0,First,#,Inclusive_SummarizeWithin8_S4,NEWfromspss_csv_ZTREECANOPY,-1,-1;NEWfromspss_csv_ZBUSSTOP "ZBUSSTOP" true true false 8 Double 0 0,First,#,Inclusive_SummarizeWithin8_S4,NEWfromspss_csv_ZBUSSTOP,-1,-1;NEWfromspss_csv_ZRESIDENTIAL "ZRESIDENTIAL" true true false 8 Double 0 0,First,#,Inclusive_SummarizeWithin8_S4,NEWfromspss_csv_ZRESIDENTIAL,-1,-1;NEWfromspss_csv_ZMIXEDUSE "ZMIXEDUSE" true true false 8 Double 0 0,First,#,Inclusive_SummarizeWithin8_S4,NEWfromspss_csv_ZMIXEDUSE,-1,-1;NEWfromspss_csv_ZCOMMERCIAL "ZCOMMERCIAL" true true false 8 Double 0 0,First,#,Inclusive_SummarizeWithin8_S4,NEWfromspss_csv_ZCOMMERCIAL,-1,-1;NEWfromspss_csv_ZVACANT "ZVACANT" true true false 8 Double 0 0,First,#,Inclusive_SummarizeWithin8_S4,NEWfromspss_csv_ZVACANT,-1,-1;NEWfromspss_csv_ZSINGLEFAMILY "ZSINGLEFAMILY" true true false 8 Double 0 0,First,#,Inclusive_SummarizeWithin8_S4,NEWfromspss_csv_ZSINGLEFAMILY,-1,-1;NEWfromspss_csv_ZMULTIFAMILY "ZMULTIFAMILY" true true false 8 Double 0 0,First,#,Inclusive_SummarizeWithin8_S4,NEWfromspss_csv_ZMULTIFAMILY,-1,-1;NEWfromspss_csv_ZBIKEROUTE "ZBIKEROUTE" true true false 8 Double 0 0,First,#,Inclusive_SummarizeWithin8_S4,NEWfromspss_csv_ZBIKEROUTE,-1,-1;NEWfromspss_csv_ZWALKING_INDEX "ZWALKING_INDEX" true true false 8 Double 0 0,First,#,Inclusive_SummarizeWithin8_S4,NEWfromspss_csv_ZWALKING_INDEX,-1,-1;NEWfromspss_csv_ZHEIGHTm "ZHEIGHTm" true true false 8 Double 0 0,First,#,Inclusive_SummarizeWithin8_S4,NEWfromspss_csv_ZHEIGHTm,-1,-1;NEWfromspss_csv_ZWIDTH "ZWIDTH" true true false 8 Double 0 0,First,#,Inclusive_SummarizeWithin8_S4,NEWfromspss_csv_ZWIDTH,-1,-1;NEWfromspss_csv_ZCROSSSECTIONALPROPORTION "ZCROSSSECTIONALPROPORTION" true true false 8 Double 0 0,First,#,Inclusive_SummarizeWithin8_S4,NEWfromspss_csv_ZCROSSSECTIONALPROPORTION,-1,-1;BUFF_DIST "BUFF_DIST" true true false 8 Double 0 0,First,#,Inclusive_SummarizeWithin8_S4,BUFF_DIST,-1,-1;ORIG_FID "ORIG_FID" true true false 4 Long 0 0,First,#,Inclusive_SummarizeWithin8_S4,ORIG_FID,-1,-1;Shape_Length "Shape_Length" false true true 8 Double 0 0,First,#,Inclusive_SummarizeWithin8_S4,Shape_Length,-1,-1;Shape_Area "Shape_Area" false true true 8 Double 0 0,First,#,Inclusive_SummarizeWithin8_S4,Shape_Area,-1,-1" #</Process></lineage><itemProps><itemName Sync="TRUE">buffers</itemName><imsContentType Sync="TRUE">002</imsContentType><itemLocation><linkage Sync="TRUE">file://\\DESKTOP-D5CASNE\C$\ISU_Fall 2021\LA558-2022-MARYAM\Proposal\buffers.shp</linkage><protocol Sync="TRUE">Local Area Network</protocol></itemLocation><itemSize Sync="TRUE">0.000</itemSize></itemProps><coordRef><type Sync="TRUE">Geographic</type><geogcsn Sync="TRUE">WGS84(DD)</geogcsn><csUnits Sync="TRUE">Angular Unit: degree (0.017453)</csUnits><peXml Sync="TRUE">&lt;GeographicCoordinateSystem xsi:type='typens:GeographicCoordinateSystem' xmlns:xsi='http://www.w3.org/2001/XMLSchema-instance' xmlns:xs='http://www.w3.org/2001/XMLSchema' xmlns:typens='http://www.esri.com/schemas/ArcGIS/2.8.0'&gt;&lt;WKT&gt;GEOGCS[&amp;quot;WGS84(DD)&amp;quot;,DATUM[&amp;quot;WGS84&amp;quot;,SPHEROID[&amp;quot;WGS84&amp;quot;,6378137.0,298.257223563]],PRIMEM[&amp;quot;Greenwich&amp;quot;,0.0],UNIT[&amp;quot;degree&amp;quot;,0.0174532925199433]]&lt;/WKT&gt;&lt;XOrigin&gt;-400&lt;/XOrigin&gt;&lt;YOrigin&gt;-400&lt;/YOrigin&gt;&lt;XYScale&gt;11258999068426.238&lt;/XYScale&gt;&lt;ZOrigin&gt;-100000&lt;/ZOrigin&gt;&lt;ZScale&gt;10000&lt;/ZScale&gt;&lt;MOrigin&gt;-100000&lt;/MOrigin&gt;&lt;MScale&gt;10000&lt;/MScale&gt;&lt;XYTolerance&gt;8.983152841195215e-09&lt;/XYTolerance&gt;&lt;ZTolerance&gt;0.001&lt;/ZTolerance&gt;&lt;MTolerance&gt;0.001&lt;/MTolerance&gt;&lt;HighPrecision&gt;true&lt;/HighPrecision&gt;&lt;LeftLongitude&gt;-180&lt;/LeftLongitude&gt;&lt;/GeographicCoordinateSystem&gt;</peXml></coordRef></DataProperties><SyncDate>20220331</SyncDate><SyncTime>13270000</SyncTime><ModDate>20220331</ModDate><ModTime>13270000</ModTime></Esri><dataIdInfo><envirDesc Sync="TRUE">Microsoft Windows 10 Version 10.0 (Build 22000) ; Esri ArcGIS 12.8.0.29751</envirDesc><dataLang><languageCode value="eng" Sync="TRUE"></languageCode><countryCode value="USA" Sync="TRUE"></countryCode></dataLang><idCitation><resTitle Sync="TRUE">buffers</resTitle><presForm><PresFormCd value="005" Sync="TRUE"></PresFormCd></presForm></idCitation><spatRpType><SpatRepTypCd value="001" Sync="TRUE"></SpatRepTypCd></spatRpType></dataIdInfo><mdLang><languageCode value="eng" Sync="TRUE"></languageCode><countryCode value="USA" Sync="TRUE"></countryCode></mdLang><distInfo><distFormat><formatName Sync="TRUE">Shapefile</formatName></distFormat><distTranOps><transSize Sync="TRUE">0.000</transSize></distTranOps></distInfo><mdHrLv><ScopeCd value="005" Sync="TRUE"></ScopeCd></mdHrLv><mdHrLvName Sync="TRUE">dataset</mdHrLvName><refSysInfo><RefSystem><refSysID><identCode code="0" Sync="TRUE"></identCode></refSysID></RefSystem></refSysInfo><spatRepInfo><VectSpatRep><geometObjs Name="buffers"><geoObjTyp><GeoObjTypCd value="002" Sync="TRUE"></GeoObjTypCd></geoObjTyp><geoObjCnt Sync="TRUE">0</geoObjCnt></geometObjs><topLvl><TopoLevCd value="001" Sync="TRUE"></TopoLevCd></topLvl></VectSpatRep></spatRepInfo><spdoinfo><ptvctinf><esriterm Name="buffers"><efeatyp Sync="TRUE">Simple</efeatyp><efeageom code="4" Sync="TRUE"></efeageom><esritopo Sync="TRUE">FALSE</esritopo><efeacnt Sync="TRUE">0</efeacnt><spindex Sync="TRUE">FALSE</spindex><linrefer Sync="TRUE">FALSE</linrefer></esriterm></ptvctinf></spdoinfo><eainfo><detailed Name="buffers"><enttyp><enttypl Sync="TRUE">buffers</enttypl><enttypt Sync="TRUE">Feature Class</enttypt><enttypc Sync="TRUE">0</enttypc></enttyp><attr><attrlabl Sync="TRUE">FID</attrlabl><attalias Sync="TRUE">FID</attalias><attrtype Sync="TRUE">OID</attrtype><attwidth Sync="TRUE">4</attwidth><atprecis Sync="TRUE">0</atprecis><attscale Sync="TRUE">0</attscale><attrdef Sync="TRUE">Internal feature number.</attrdef><attrdefs Sync="TRUE">Esri</attrdefs><attrdomv><udom Sync="TRUE">Sequential unique whole numbers that are automatically generated.</udom></attrdomv></attr><attr><attrlabl Sync="TRUE">Shape</attrlabl><attalias Sync="TRUE">Shape</attalias><attrtype Sync="TRUE">Geometry</attrtype><attwidth Sync="TRUE">0</attwidth><atprecis Sync="TRUE">0</atprecis><attscale Sync="TRUE">0</attscale><attrdef Sync="TRUE">Feature geometry.</attrdef><attrdefs Sync="TRUE">Esri</attrdefs><attrdomv><udom Sync="TRUE">Coordinates defining the features.</udom></attrdomv></attr><attr><attrlabl Sync="TRUE">NEWfromsps</attrlabl><attalias Sync="TRUE">NEWfromsps</attalias><attrtype Sync="TRUE">Integer</attrtype><attwidth Sync="TRUE">10</attwidth><atprecis Sync="TRUE">10</atprecis><attscale Sync="TRUE">0</attscale></attr><attr><attrlabl Sync="TRUE">NEWfroms_1</attrlabl><attalias Sync="TRUE">NEWfroms_1</attalias><attrtype Sync="TRUE">Double</attrtype><attwidth Sync="TRUE">19</attwidth><atprecis Sync="TRUE">0</atprecis><attscale Sync="TRUE">0</attscale></attr><attr><attrlabl Sync="TRUE">NEWfroms_2</attrlabl><attalias Sync="TRUE">NEWfroms_2</attalias><attrtype Sync="TRUE">Double</attrtype><attwidth Sync="TRUE">19</attwidth><atprecis Sync="TRUE">0</atprecis><attscale Sync="TRUE">0</attscale></attr><attr><attrlabl Sync="TRUE">NEWfroms_3</attrlabl><attalias Sync="TRUE">NEWfroms_3</attalias><attrtype Sync="TRUE">Integer</attrtype><attwidth Sync="TRUE">10</attwidth><atprecis Sync="TRUE">10</atprecis><attscale Sync="TRUE">0</attscale></attr><attr><attrlabl Sync="TRUE">NEWfroms_4</attrlabl><attalias Sync="TRUE">NEWfroms_4</attalias><attrtype Sync="TRUE">Double</attrtype><attwidth Sync="TRUE">19</attwidth><atprecis Sync="TRUE">0</atprecis><attscale Sync="TRUE">0</attscale></attr><attr><attrlabl Sync="TRUE">NEWfroms_5</attrlabl><attalias Sync="TRUE">NEWfroms_5</attalias><attrtype Sync="TRUE">Double</attrtype><attwidth Sync="TRUE">19</attwidth><atprecis Sync="TRUE">0</atprecis><attscale Sync="TRUE">0</attscale></attr><attr><attrlabl Sync="TRUE">NEWfroms_6</attrlabl><attalias Sync="TRUE">NEWfroms_6</attalias><attrtype Sync="TRUE">Integer</attrtype><attwidth Sync="TRUE">10</attwidth><atprecis Sync="TRUE">10</atprecis><attscale Sync="TRUE">0</attscale></attr><attr><attrlabl Sync="TRUE">NEWfroms_7</attrlabl><attalias Sync="TRUE">NEWfroms_7</attalias><attrtype Sync="TRUE">Double</attrtype><attwidth Sync="TRUE">19</attwidth><atprecis Sync="TRUE">0</atprecis><attscale Sync="TRUE">0</attscale></attr><attr><attrlabl Sync="TRUE">NEWfroms_8</attrlabl><attalias Sync="TRUE">NEWfroms_8</attalias><attrtype Sync="TRUE">Double</attrtype><attwidth Sync="TRUE">19</attwidth><atprecis Sync="TRUE">0</atprecis><attscale Sync="TRUE">0</attscale></attr><attr><attrlabl Sync="TRUE">NEWfroms_9</attrlabl><attalias Sync="TRUE">NEWfroms_9</attalias><attrtype Sync="TRUE">Integer</attrtype><attwidth Sync="TRUE">10</attwidth><atprecis Sync="TRUE">10</atprecis><attscale Sync="TRUE">0</attscale></attr><attr><attrlabl Sync="TRUE">NEWfrom_10</attrlabl><attalias Sync="TRUE">NEWfrom_10</attalias><attrtype Sync="TRUE">Integer</attrtype><attwidth Sync="TRUE">10</attwidth><atprecis Sync="TRUE">10</atprecis><attscale Sync="TRUE">0</attscale></attr><attr><attrlabl Sync="TRUE">NEWfrom_11</attrlabl><attalias Sync="TRUE">NEWfrom_11</attalias><attrtype Sync="TRUE">Integer</attrtype><attwidth Sync="TRUE">10</attwidth><atprecis Sync="TRUE">10</atprecis><attscale Sync="TRUE">0</attscale></attr><attr><attrlabl Sync="TRUE">NEWfrom_12</attrlabl><attalias Sync="TRUE">NEWfrom_12</attalias><attrtype Sync="TRUE">Integer</attrtype><attwidth Sync="TRUE">10</attwidth><atprecis Sync="TRUE">10</atprecis><attscale Sync="TRUE">0</attscale></attr><attr><attrlabl Sync="TRUE">NEWfrom_13</attrlabl><attalias Sync="TRUE">NEWfrom_13</attalias><attrtype Sync="TRUE">Integer</attrtype><attwidth Sync="TRUE">10</attwidth><atprecis Sync="TRUE">10</atprecis><attscale Sync="TRUE">0</attscale></attr><attr><attrlabl Sync="TRUE">NEWfrom_14</attrlabl><attalias Sync="TRUE">NEWfrom_14</attalias><attrtype Sync="TRUE">Integer</attrtype><attwidth Sync="TRUE">10</attwidth><atprecis Sync="TRUE">10</atprecis><attscale Sync="TRUE">0</attscale></attr><attr><attrlabl Sync="TRUE">NEWfrom_15</attrlabl><attalias Sync="TRUE">NEWfrom_15</attalias><attrtype Sync="TRUE">Integer</attrtype><attwidth Sync="TRUE">10</attwidth><atprecis Sync="TRUE">10</atprecis><attscale Sync="TRUE">0</attscale></attr><attr><attrlabl Sync="TRUE">NEWfrom_16</attrlabl><attalias Sync="TRUE">NEWfrom_16</attalias><attrtype Sync="TRUE">Integer</attrtype><attwidth Sync="TRUE">10</attwidth><atprecis Sync="TRUE">10</atprecis><attscale Sync="TRUE">0</attscale></attr><attr><attrlabl Sync="TRUE">NEWfrom_17</attrlabl><attalias Sync="TRUE">NEWfrom_17</attalias><attrtype Sync="TRUE">Integer</attrtype><attwidth Sync="TRUE">10</attwidth><atprecis Sync="TRUE">10</atprecis><attscale Sync="TRUE">0</attscale></attr><attr><attrlabl Sync="TRUE">NEWfrom_18</attrlabl><attalias Sync="TRUE">NEWfrom_18</attalias><attrtype Sync="TRUE">Double</attrtype><attwidth Sync="TRUE">19</attwidth><atprecis Sync="TRUE">0</atprecis><attscale Sync="TRUE">0</attscale></attr><attr><attrlabl Sync="TRUE">NEWfrom_19</attrlabl><attalias Sync="TRUE">NEWfrom_19</attalias><attrtype Sync="TRUE">Double</attrtype><attwidth Sync="TRUE">19</attwidth><atprecis Sync="TRUE">0</atprecis><attscale Sync="TRUE">0</attscale></attr><attr><attrlabl Sync="TRUE">NEWfrom_20</attrlabl><attalias Sync="TRUE">NEWfrom_20</attalias><attrtype Sync="TRUE">Double</attrtype><attwidth Sync="TRUE">19</attwidth><atprecis Sync="TRUE">0</atprecis><attscale Sync="TRUE">0</attscale></attr><attr><attrlabl Sync="TRUE">NEWfrom_21</attrlabl><attalias Sync="TRUE">NEWfrom_21</attalias><attrtype Sync="TRUE">Double</attrtype><attwidth Sync="TRUE">19</attwidth><atprecis Sync="TRUE">0</atprecis><attscale Sync="TRUE">0</attscale></attr><attr><attrlabl Sync="TRUE">NEWfrom_22</attrlabl><attalias Sync="TRUE">NEWfrom_22</attalias><attrtype Sync="TRUE">String</attrtype><attwidth Sync="TRUE">254</attwidth><atprecis Sync="TRUE">0</atprecis><attscale Sync="TRUE">0</attscale></attr><attr><attrlabl Sync="TRUE">NEWfrom_23</attrlabl><attalias Sync="TRUE">NEWfrom_23</attalias><attrtype Sync="TRUE">Double</attrtype><attwidth Sync="TRUE">19</attwidth><atprecis Sync="TRUE">0</atprecis><attscale Sync="TRUE">0</attscale></attr><attr><attrlabl Sync="TRUE">NEWfrom_24</attrlabl><attalias Sync="TRUE">NEWfrom_24</attalias><attrtype Sync="TRUE">Double</attrtype><attwidth Sync="TRUE">19</attwidth><atprecis Sync="TRUE">0</atprecis><attscale Sync="TRUE">0</attscale></attr><attr><attrlabl Sync="TRUE">NEWfrom_25</attrlabl><attalias Sync="TRUE">NEWfrom_25</attalias><attrtype Sync="TRUE">Double</attrtype><attwidth Sync="TRUE">19</attwidth><atprecis Sync="TRUE">0</atprecis><attscale Sync="TRUE">0</attscale></attr><attr><attrlabl Sync="TRUE">NEWfrom_26</attrlabl><attalias Sync="TRUE">NEWfrom_26</attalias><attrtype Sync="TRUE">Double</attrtype><attwidth Sync="TRUE">19</attwidth><atprecis Sync="TRUE">0</atprecis><attscale Sync="TRUE">0</attscale></attr><attr><attrlabl Sync="TRUE">NEWfrom_27</attrlabl><attalias Sync="TRUE">NEWfrom_27</attalias><attrtype Sync="TRUE">Double</attrtype><attwidth Sync="TRUE">19</attwidth><atprecis Sync="TRUE">0</atprecis><attscale Sync="TRUE">0</attscale></attr><attr><attrlabl Sync="TRUE">NEWfrom_28</attrlabl><attalias Sync="TRUE">NEWfrom_28</attalias><attrtype Sync="TRUE">Double</attrtype><attwidth Sync="TRUE">19</attwidth><atprecis Sync="TRUE">0</atprecis><attscale Sync="TRUE">0</attscale></attr><attr><attrlabl Sync="TRUE">NEWfrom_29</attrlabl><attalias Sync="TRUE">NEWfrom_29</attalias><attrtype Sync="TRUE">Integer</attrtype><attwidth Sync="TRUE">10</attwidth><atprecis Sync="TRUE">10</atprecis><attscale Sync="TRUE">0</attscale></attr><attr><attrlabl Sync="TRUE">NEWfrom_30</attrlabl><attalias Sync="TRUE">NEWfrom_30</attalias><attrtype Sync="TRUE">Double</attrtype><attwidth Sync="TRUE">19</attwidth><atprecis Sync="TRUE">0</atprecis><attscale Sync="TRUE">0</attscale></attr><attr><attrlabl Sync="TRUE">NEWfrom_31</attrlabl><attalias Sync="TRUE">NEWfrom_31</attalias><attrtype Sync="TRUE">Double</attrtype><attwidth Sync="TRUE">19</attwidth><atprecis Sync="TRUE">0</atprecis><attscale Sync="TRUE">0</attscale></attr><attr><attrlabl Sync="TRUE">NEWfrom_32</attrlabl><attalias Sync="TRUE">NEWfrom_32</attalias><attrtype Sync="TRUE">Double</attrtype><attwidth Sync="TRUE">19</attwidth><atprecis Sync="TRUE">0</atprecis><attscale Sync="TRUE">0</attscale></attr><attr><attrlabl Sync="TRUE">NEWfrom_33</attrlabl><attalias Sync="TRUE">NEWfrom_33</attalias><attrtype Sync="TRUE">Double</attrtype><attwidth Sync="TRUE">19</attwidth><atprecis Sync="TRUE">0</atprecis><attscale Sync="TRUE">0</attscale></attr><attr><attrlabl Sync="TRUE">NEWfrom_34</attrlabl><attalias Sync="TRUE">NEWfrom_34</attalias><attrtype Sync="TRUE">Double</attrtype><attwidth Sync="TRUE">19</attwidth><atprecis Sync="TRUE">0</atprecis><attscale Sync="TRUE">0</attscale></attr><attr><attrlabl Sync="TRUE">NEWfrom_35</attrlabl><attalias Sync="TRUE">NEWfrom_35</attalias><attrtype Sync="TRUE">Double</attrtype><attwidth Sync="TRUE">19</attwidth><atprecis Sync="TRUE">0</atprecis><attscale Sync="TRUE">0</attscale></attr><attr><attrlabl Sync="TRUE">NEWfrom_36</attrlabl><attalias Sync="TRUE">NEWfrom_36</attalias><attrtype Sync="TRUE">Double</attrtype><attwidth Sync="TRUE">19</attwidth><atprecis Sync="TRUE">0</atprecis><attscale Sync="TRUE">0</attscale></attr><attr><attrlabl Sync="TRUE">NEWfrom_37</attrlabl><attalias Sync="TRUE">NEWfrom_37</attalias><attrtype Sync="TRUE">Double</attrtype><attwidth Sync="TRUE">19</attwidth><atprecis Sync="TRUE">0</atprecis><attscale Sync="TRUE">0</attscale></attr><attr><attrlabl Sync="TRUE">NEWfrom_38</attrlabl><attalias Sync="TRUE">NEWfrom_38</attalias><attrtype Sync="TRUE">Double</attrtype><attwidth Sync="TRUE">19</attwidth><atprecis Sync="TRUE">0</atprecis><attscale Sync="TRUE">0</attscale></attr><attr><attrlabl Sync="TRUE">NEWfrom_39</attrlabl><attalias Sync="TRUE">NEWfrom_39</attalias><attrtype Sync="TRUE">Double</attrtype><attwidth Sync="TRUE">19</attwidth><atprecis Sync="TRUE">0</atprecis><attscale Sync="TRUE">0</attscale></attr><attr><attrlabl Sync="TRUE">NEWfrom_40</attrlabl><attalias Sync="TRUE">NEWfrom_40</attalias><attrtype Sync="TRUE">Double</attrtype><attwidth Sync="TRUE">19</attwidth><atprecis Sync="TRUE">0</atprecis><attscale Sync="TRUE">0</attscale></attr><attr><attrlabl Sync="TRUE">NEWfrom_41</attrlabl><attalias Sync="TRUE">NEWfrom_41</attalias><attrtype Sync="TRUE">Double</attrtype><attwidth Sync="TRUE">19</attwidth><atprecis Sync="TRUE">0</atprecis><attscale Sync="TRUE">0</attscale></attr><attr><attrlabl Sync="TRUE">NEWfrom_42</attrlabl><attalias Sync="TRUE">NEWfrom_42</attalias><attrtype Sync="TRUE">Double</attrtype><attwidth Sync="TRUE">19</attwidth><atprecis Sync="TRUE">0</atprecis><attscale Sync="TRUE">0</attscale></attr><attr><attrlabl Sync="TRUE">NEWfrom_43</attrlabl><attalias Sync="TRUE">NEWfrom_43</attalias><attrtype Sync="TRUE">Double</attrtype><attwidth Sync="TRUE">19</attwidth><atprecis Sync="TRUE">0</atprecis><attscale Sync="TRUE">0</attscale></attr><attr><attrlabl Sync="TRUE">NEWfrom_44</attrlabl><attalias Sync="TRUE">NEWfrom_44</attalias><attrtype Sync="TRUE">Double</attrtype><attwidth Sync="TRUE">19</attwidth><atprecis Sync="TRUE">0</atprecis><attscale Sync="TRUE">0</attscale></attr><attr><attrlabl Sync="TRUE">NEWfrom_45</attrlabl><attalias Sync="TRUE">NEWfrom_45</attalias><attrtype Sync="TRUE">Double</attrtype><attwidth Sync="TRUE">19</attwidth><atprecis Sync="TRUE">0</atprecis><attscale Sync="TRUE">0</attscale></attr><attr><attrlabl Sync="TRUE">NEWfrom_46</attrlabl><attalias Sync="TRUE">NEWfrom_46</attalias><attrtype Sync="TRUE">Double</attrtype><attwidth Sync="TRUE">19</attwidth><atprecis Sync="TRUE">0</atprecis><attscale Sync="TRUE">0</attscale></attr><attr><attrlabl Sync="TRUE">NEWfrom_47</attrlabl><attalias Sync="TRUE">NEWfrom_47</attalias><attrtype Sync="TRUE">Double</attrtype><attwidth Sync="TRUE">19</attwidth><atprecis Sync="TRUE">0</atprecis><attscale Sync="TRUE">0</attscale></attr><attr><attrlabl Sync="TRUE">NEWfrom_48</attrlabl><attalias Sync="TRUE">NEWfrom_48</attalias><attrtype Sync="TRUE">Double</attrtype><attwidth Sync="TRUE">19</attwidth><atprecis Sync="TRUE">0</atprecis><attscale Sync="TRUE">0</attscale></attr><attr><attrlabl Sync="TRUE">NEWfrom_49</attrlabl><attalias Sync="TRUE">NEWfrom_49</attalias><attrtype Sync="TRUE">Double</attrtype><attwidth Sync="TRUE">19</attwidth><atprecis Sync="TRUE">0</atprecis><attscale Sync="TRUE">0</attscale></attr><attr><attrlabl Sync="TRUE">NEWfrom_50</attrlabl><attalias Sync="TRUE">NEWfrom_50</attalias><attrtype Sync="TRUE">Double</attrtype><attwidth Sync="TRUE">19</attwidth><atprecis Sync="TRUE">0</atprecis><attscale Sync="TRUE">0</attscale></attr><attr><attrlabl Sync="TRUE">NEWfrom_51</attrlabl><attalias Sync="TRUE">NEWfrom_51</attalias><attrtype Sync="TRUE">Double</attrtype><attwidth Sync="TRUE">19</attwidth><atprecis Sync="TRUE">0</atprecis><attscale Sync="TRUE">0</attscale></attr><attr><attrlabl Sync="TRUE">BUFF_DIST</attrlabl><attalias Sync="TRUE">BUFF_DIST</attalias><attrtype Sync="TRUE">Double</attrtype><attwidth Sync="TRUE">19</attwidth><atprecis Sync="TRUE">0</atprecis><attscale Sync="TRUE">0</attscale></attr><attr><attrlabl Sync="TRUE">ORIG_FID</attrlabl><attalias Sync="TRUE">ORIG_FID</attalias><attrtype Sync="TRUE">Integer</attrtype><attwidth Sync="TRUE">10</attwidth><atprecis Sync="TRUE">10</atprecis><attscale Sync="TRUE">0</attscale></attr><attr><attrlabl Sync="TRUE">Shape_Leng</attrlabl><attalias Sync="TRUE">Shape_Leng</attalias><attrtype Sync="TRUE">Double</attrtype><attwidth Sync="TRUE">19</attwidth><atprecis Sync="TRUE">0</atprecis><attscale Sync="TRUE">0</attscale></attr><attr><attrlabl Sync="TRUE">Shape_Area</attrlabl><attalias Sync="TRUE">Shape_Area</attalias><attrtype Sync="TRUE">Double</attrtype><attwidth Sync="TRUE">19</attwidth><atprecis Sync="TRUE">0</atprecis><attscale Sync="TRUE">0</attscale><attrdef Sync="TRUE">Area of feature in internal units squared.</attrdef><attrdefs Sync="TRUE">Esri</attrdefs><attrdomv><udom Sync="TRUE">Positive real numbers that are automatically generated.</udom></attrdomv></attr></detailed></eainfo><mdDateSt Sync="TRUE">20220331</mdDateSt></metadata>
